parameter,estimate,se
"seed",0,144.4818
"nace2",25,0
"b_lnK",.061923,.0140217
"b_lnL",.1831119,.0175379
"b_PlnM",.7243792,.0072432
"a1",.4044147,.0775913
"ahat1",.4044147,.0775913
"s1",.6946205,.0500834
"shat1",.6946205,.0500834
"B1",1.323371,.1061169
"theta",3.933128,.6372449
"lambda",.5790439,.0570151
"b_afterforeign",.0381114,.3624175
"b_demand_1",.1315181,.1496618
"b_demand_2",.0409784,.0408654
"coef56Nfirms",7473,127.1784
"p_a1_EDF",.0039841,
"p_B1_EDF",.0039841,
"theta_low",3.024181,
"theta_high",5.533947,
"",,
"",,
"",,
"",,
"",,
"",,
"",,
"",,
"",,
"",,
"",,
"",,
"",,
"",,
"",,
"",,
