parameter,estimate,se
"seed",0,144.4818
"nace2",18,0
"b_lnK",.0428387,.0102011
"b_lnL",.2779824,.0192087
"b_PlnM",.6787542,.0130698
"a1",.4244908,.1162368
"ahat1",.4244908,.1162368
"s1",.8108575,.0828805
"shat1",.8108575,.0828805
"B1",1.449249,.1802638
"theta",4.922947,1.337501
"lambda",.5282928,.0898723
"b_afterforeign",.0476066,.1172656
"b_demand_1",-.3633296,.0931869
"b_demand_2",.0252576,.0647455
"coef56Nfirms",5135,110.132
"p_a1_EDF",.0039841,
"p_B1_EDF",.0079681,
"theta_low",3.11407,
"theta_high",8.310608,
"",,
"",,
"",,
"",,
"",,
"",,
"",,
"",,
"",,
"",,
"",,
"",,
"",,
"",,
"",,
"",,
