parameter,estimate,se
"seed",0,144.4818
"nace2",0,0
"b_lnK",.0412107,.0031075
"b_lnL",.1966053,.00819
"b_PlnM",.7523921,.0121115
"a1",.2625151,.0580345
"ahat1",.2625151,.0580345
"s1",.6255364,.0545748
"shat1",.6255364,.0545748
"B1",1.146981,.0612098
"theta",4.74173,1.170244
"lambda",.6503122,.0546323
"b_afterforeign",.0682909,.0109698
"b_exporter",.0444889,.0055827
"b_demand_1",.0656015,.0129479
"b_demand_2",.0101484,.0055887
"coef56Nfirms",127472,554.7421
"p_a1_EDF",.0039841,
"p_B1_EDF",.0039841,
"theta_low",3.520827,
"theta_high",7.998276,
"",,
"",,
"",,
"",,
"",,
"",,
"",,
"",,
"",,
"",,
"",,
"",,
"",,
"",,
"",,
"",,
