parameter,estimate,se
"seed",0,144.4818
"nace2",29,0
"b_lnK",.047856,.0067476
"b_lnL",.2428474,.0138573
"b_PlnM",.6933499,.0132957
"a1",.3501792,.1203777
"ahat1",.3501792,.1203777
"s1",.4558386,.0598704
"shat1",.4558386,.0598704
"B1",.9031019,.1527027
"theta",2.737709,.434948
"lambda",.488311,.0764583
"b_afterforeign",.1281895,.1001059
"b_demand_1",.1192926,.1248675
"b_demand_2",-.0029561,.0470433
"coef56Nfirms",13966,183.7381
"p_a1_EDF",.0039841,
"p_B1_EDF",.4780877,
"theta_low",2.21136,
"theta_high",3.814576,
"",,
"",,
"",,
"",,
"",,
"",,
"",,
"",,
"",,
"",,
"",,
"",,
"",,
"",,
"",,
"",,
