parameter,estimate,se
"seed",0,144.4818
"nace2",26,0
"b_lnK",.0623129,.016759
"b_lnL",.1934185,.0546735
"b_PlnM",.6377551,.0161078
"a1",.5004287,.2184137
"ahat1",.5004287,.2182486
"s1",.4302359,.0908769
"shat1",.4302359,.0908198
"B1",.7788954,.3054717
"theta",2.124102,130.194
"lambda",.5278628,.1006751
"b_afterforeign",.0694189,.3230978
"b_demand_1",-.0357134,.0737535
"b_demand_2",-.0273859,.045188
"coef56Nfirms",5203,115.5224
"p_a1_EDF",.0079681,
"p_B1_EDF",.498008,
"theta_low",1.665814,
"theta_high",4.206337,
"",,
"",,
"",,
"",,
"",,
"",,
"",,
"",,
"",,
"",,
"",,
"",,
"",,
"",,
"",,
"",,
