parameter,estimate,se
"seed",0,146.6458
"nace2",0,0
"b_lnK",.0389267,.0046179
"b_lnL",.2137512,.018864
"b_PlnM",.7523921,.0121561
"a1",.1945757,.0634901
"ahat1",.1264104,.0622197
"s1",.4510683,.0356487
"shat1",.5146988,.0593425
"B1",1.010336,.0481207
"a2",.1042593,.081746
"ahat2",.1585924,.0641727
"s2",.6572528,.0531282
"shat2",.5962849,.0525149
"B2",1.07057,.0417373
"theta",6.719352,857.2208
"lambda",.6503122,.05449
"b_afterforeign",.0282989,.0767012
"b_exporter",.0518352,.0059286
"b_demand_1",.0697394,.0202731
"b_demand_2",.0120059,.0069366
"b_lagGn_1_per_gamma",-.0872564,.0552184
"b_lagGn_2_per_gamma",.3055612,.0947106
"long_run_a1",.1073193,.0716081
"long_run_a2",.4098204,.0934602
"coef56Nfirms",127472,554.5158
"p_a1_EDF",.0042105,
"p_a2_EDF",.2189474,
"p_B1_EDF",.8968421,
"p_B2_EDF",.0463158,
"p_B2_B1_EDF",.2694737,
"theta_low",4.082657,
"theta_high",66.08221,
"",,
"",,
"",,
"",,
"",,
"",,
"",,
"",,
"",,
"",,
"",,
"",,
"",,
