parameter,estimate,se
"seed",0,144.4818
"nace2",22,0
"b_lnK",.0617895,.0079748
"b_lnL",.2261556,.0165725
"b_PlnM",.6728445,.0089262
"a1",.7775218,.1233753
"ahat1",.7775218,.1233753
"s1",.7008958,.0942845
"shat1",.7008958,.0938682
"B1",1.730788,.3504259
"theta",2.552321,6.476386
"lambda",.6723026,.0892839
"b_afterforeign",.1517971,.1965726
"b_demand_1",.2997432,.1234215
"b_demand_2",-.0916122,.0410998
"coef56Nfirms",15053,193.2788
"p_a1_EDF",.0039841,
"p_B1_EDF",.0398406,
"theta_low",2.006502,
"theta_high",4.016905,
"",,
"",,
"",,
"",,
"",,
"",,
"",,
"",,
"",,
"",,
"",,
"",,
"",,
"",,
"",,
"",,
