parameter,estimate,se
"seed",0,144.4818
"nace2",0,0
"b_lnK",.0413622,.0031727
"b_lnL",.1988352,.0083951
"b_PlnM",.7523921,.0121115
"a1",.2901487,.0682993
"ahat1",.2710939,.0634702
"s1",.4510683,.0353174
"shat1",.4900409,.0524742
"B1",.9840893,.0831016
"a2",.3771859,.0695621
"ahat2",.390417,.0680823
"s2",.6572528,.053493
"shat2",.6208546,.0417038
"B2",1.219613,.0717998
"theta",3.484102,.5929449
"lambda",.6503122,.0546323
"b_afterforeign",.0657144,.0152035
"b_demand_1",.065658,.0131815
"b_demand_2",.0101944,.0055876
"coef56Nfirms",127472,554.7421
"p_a1_EDF",.0039841,
"p_a2_EDF",.0039841,
"p_B1_EDF",.7768924,
"p_B2_EDF",.0039841,
"p_B2_B1_EDF",.0119522,
"theta_low",2.753181,
"theta_high",5.003548,
"",,
"",,
"",,
"",,
"",,
"",,
"",,
"",,
"",,
"",,
"",,
"",,
"",,
