parameter,estimate,se
"seed",0,144.4818
"nace2",28,0
"b_lnK",.0412034,.0066573
"b_lnL",.2239924,.0142234
"b_PlnM",.6966657,.0115209
"a1",.3556859,.0674206
"ahat1",.3556859,.0674206
"s1",.540938,.0620326
"shat1",.540938,.0620326
"B1",1.077859,.1200713
"theta",3.188925,.450061
"lambda",.6298881,.0746073
"b_afterforeign",.0434729,.0665266
"b_demand_1",.561696,.2395523
"b_demand_2",-.1211139,.0739606
"coef56Nfirms",17782,206.7455
"p_a1_EDF",.0039841,
"p_B1_EDF",.501992,
"theta_low",2.59148,
"theta_high",4.242662,
"",,
"",,
"",,
"",,
"",,
"",,
"",,
"",,
"",,
"",,
"",,
"",,
"",,
"",,
"",,
"",,
