parameter,estimate,se
"seed",0,144.4818
"nace2",0,0
"b_lnK",.0403765,.00306
"b_lnL",.2013543,.0080301
"b_PlnM",.7523921,.0121115
"a1",.1888295,.0582008
"ahat1",.1557486,.0520341
"s1",.4510683,.0353174
"shat1",.4899438,.0494128
"B1",.9907361,.045903
"a2",.2014651,.0614573
"ahat2",.2244231,.0588732
"s2",.6572528,.053493
"shat2",.6209489,.0479636
"B2",1.120961,.0482356
"theta",5.32257,1.977316
"lambda",.6503122,.0546323
"b_afterforeign",.0660499,.0118658
"b_exporter",.0458045,.0053917
"b_importedbefore",-.0023335,.0058866
"b_demand_1",.0315448,.0117794
"b_demand_2",.0118985,.0053799
"coef56Nfirms",127472,554.7421
"p_a1_EDF",.0039841,
"p_a2_EDF",.0039841,
"p_B1_EDF",.7768924,
"p_B2_EDF",.0039841,
"p_B2_B1_EDF",.0119522,
"theta_low",3.757982,
"theta_high",10.91928,
"",,
"",,
"",,
"",,
"",,
"",,
"",,
"",,
"",,
"",,
"",,
"",,
"",,
