parameter,estimate,se
"seed",0,144.4818
"nace2",15,0
"b_lnK",.0224799,.0064583
"b_lnL",.1798563,.0131459
"b_PlnM",.8044498,.0096653
"a1",.601183,.1341376
"ahat1",.6011829,.1341376
"s1",.3252962,.0728005
"shat1",.3252962,.0728005
"B1",.3280372,.2128693
"theta",1.654512,.1663646
"lambda",1,.1214886
"b_afterforeign",-.0776845,.0453998
"b_demand_1",.7615813,.35887
"b_demand_2",-.0629516,.0727805
"coef56Nfirms",18977,213.7002
"p_a1_EDF",.0039841,
"p_B1_EDF",.0199203,
"theta_low",1.394499,
"theta_high",2.027784,
"",,
"",,
"",,
"",,
"",,
"",,
"",,
"",,
"",,
"",,
"",,
"",,
"",,
"",,
"",,
"",,
